{
  "L100_E2": {
    "seq_length": 100,
    "edit_threshold": 2,
    "num_pairs": 5000,
    "similar_pairs": 2374,
    "dissimilar_pairs": 2626,
    "true_positives": 2346,
    "true_negatives": 1869,
    "false_positives": 757,
    "false_negatives": 28,
    "false_accept_rate": 28.827113480578824,
    "false_reject_rate": 1.1794439764111204,
    "avg_shouji_time_ms": 2.4963827610015867,
    "avg_edlib_time_ms": 0.007394123077392578,
    "speedup": 0.0029619348414447245
  },
  "L100_E5": {
    "seq_length": 100,
    "edit_threshold": 5,
    "num_pairs": 5000,
    "similar_pairs": 2328,
    "dissimilar_pairs": 2672,
    "true_positives": 2327,
    "true_negatives": 1079,
    "false_positives": 1593,
    "false_negatives": 1,
    "false_accept_rate": 59.61826347305389,
    "false_reject_rate": 0.0429553264604811,
    "avg_shouji_time_ms": 4.933685970306396,
    "avg_edlib_time_ms": 0.010509300231933593,
    "speedup": 0.0021301112991755607
  },
  "L150_E2": {
    "seq_length": 150,
    "edit_threshold": 2,
    "num_pairs": 5000,
    "similar_pairs": 2395,
    "dissimilar_pairs": 2605,
    "true_positives": 2375,
    "true_negatives": 1842,
    "false_positives": 763,
    "false_negatives": 20,
    "false_accept_rate": 29.28982725527831,
    "false_reject_rate": 0.8350730688935281,
    "avg_shouji_time_ms": 3.7522501945495605,
    "avg_edlib_time_ms": 0.00950655937194824,
    "speedup": 0.0025335622304070416
  },
  "L150_E5": {
    "seq_length": 150,
    "edit_threshold": 5,
    "num_pairs": 5000,
    "similar_pairs": 2234,
    "dissimilar_pairs": 2766,
    "true_positives": 2233,
    "true_negatives": 1160,
    "false_positives": 1606,
    "false_negatives": 1,
    "false_accept_rate": 58.06218365871294,
    "false_reject_rate": 0.044762757385854966,
    "avg_shouji_time_ms": 7.299614238739014,
    "avg_edlib_time_ms": 0.011529779434204102,
    "speedup": 0.001579505307693607
  },
  "L250_E2": {
    "seq_length": 250,
    "edit_threshold": 2,
    "num_pairs": 5000,
    "similar_pairs": 2327,
    "dissimilar_pairs": 2673,
    "true_positives": 2305,
    "true_negatives": 1927,
    "false_positives": 746,
    "false_negatives": 22,
    "false_accept_rate": 27.90871679760569,
    "false_reject_rate": 0.9454232917920068,
    "avg_shouji_time_ms": 6.282354831695557,
    "avg_edlib_time_ms": 0.013095474243164063,
    "speedup": 0.0020844849732293298
  },
  "L250_E5": {
    "seq_length": 250,
    "edit_threshold": 5,
    "num_pairs": 5000,
    "similar_pairs": 2188,
    "dissimilar_pairs": 2812,
    "true_positives": 2187,
    "true_negatives": 1262,
    "false_positives": 1550,
    "false_negatives": 1,
    "false_accept_rate": 55.12091038406828,
    "false_reject_rate": 0.04570383912248629,
    "avg_shouji_time_ms": 12.267879867553711,
    "avg_edlib_time_ms": 0.018574666976928708,
    "speedup": 0.0015140894088843575
  }
}